name,phone,address,website,rating,review_count,source_url
John Moore Services,(281) 849-9135,"10005 W Sam Houston Pkwy N Suite#200, Houston, TX 77064",https://www.johnmooreservices.com/,(60),(60),https://www.yellowpages.com/houston-tx/mip/john-moore-services-466838032?lid=1002172426632
Best Home Savings,(855) 566-6978,Serving the Houston area.,https://www.yellowpages.com/nationwide/mip/best-home-savings-580143680?lid=1002194693872,,,https://www.yellowpages.com/nationwide/mip/best-home-savings-580143680?lid=1002194693880
Texas Quality Plumbing,(713) 322-6144,"14655 Northwest Fwy #105, Houston, TX 77070",https://www.texasqualityplumbing.com/,(23),(23),https://www.yellowpages.com/houston-tx/mip/texas-quality-plumbing-17051753?lid=1002194338945
Abacus Plumbing and Air Conditioning,(832) 397-6966,"15851 Vickery Dr, Houston, TX 77032",http://www.abacusplumbing.net/,(170),(170),https://www.yellowpages.com/houston-tx/mip/abacus-plumbing-and-air-conditioning-480127716?lid=1002173404206
ARS Rescue Rooter,(833) 947-9225,"Houston, TX 77041",http://www.ars.com/,(29),(29),https://www.yellowpages.com/houston-tx/mip/ars-rescue-rooter-456146475?lid=1002194107195
John Moore Services,(281) 849-9135,10005 W Sam Houston Pkwy N Suite#200,https://www.johnmooreservices.com/,(60),(60),https://www.yellowpages.com/houston-tx/mip/john-moore-services-466838032?lid=1002172426632
Abacus Plumbing and Air Conditioning,(832) 397-6966,15851 Vickery Dr,http://www.abacusplumbing.net/,(170),(170),https://www.yellowpages.com/houston-tx/mip/abacus-plumbing-and-air-conditioning-480127716?lid=1002173404206
Texas Quality Plumbing,(713) 322-6144,14655 Northwest Fwy #105,https://www.texasqualityplumbing.com/,(23),(23),https://www.yellowpages.com/houston-tx/mip/texas-quality-plumbing-17051753?lid=1002194338945
Roto-Rooter Plumbing & Water Cleanup,(346) 509-2183,3403 N Sam Houston Pkwy W,https://www.rotorooter.com/houston/?utm_source=iyp&utm_medium=paid&utm_campaign=iyp,(48),(48),https://www.yellowpages.com/houston-tx/mip/roto-rooter-plumbing-water-cleanup-461513674?lid=1002194267088
Mac Mechanical,(713) 864-5034,1207 W 20th St,https://www.yellowpages.com/houston-tx/plumbers,,43 Years,https://www.yellowpages.com/houston-tx/mip/mac-mechanical-11769163?lid=1001657187000
Best Home Savings,(855) 566-6978,"Serving the
Houston Area",https://www.yellowpages.com/nationwide/mip/best-home-savings-580143680?lid=1002194693872,,,https://www.yellowpages.com/nationwide/mip/best-home-savings-580143680?lid=1002194693880
Clayton Lee Plumbing,(936) 242-8678,110 S Main St,https://www.claytonleeplumbing.com/,,115 Years,https://www.yellowpages.com/conroe-tx/mip/clayton-lee-plumbing-549312712?lid=1002192974004
Lanco Plumbing,(281) 337-3703,3624 Highway 3,http://www.lancoplumbinginc.com/,(6),(6),https://www.yellowpages.com/dickinson-tx/mip/lanco-plumbing-12845489?lid=1002120674817
Roto-Rooter Plumbing & Water Cleanup,(346) 515-4463,3222 Burke Rd,https://www.rotorooter.com/pasadenatx/?utm_source=iyp&utm_medium=paid&utm_campaign=iyp,,91 Years,https://www.yellowpages.com/pasadena-tx/mip/roto-rooter-plumbing-water-cleanup-552445804?lid=1002194264152
Roto-Rooter Plumbing & Water Cleanup,(346) 536-5912,2215 Anders Ln,https://www.rotorooter.com/kemahtx/?utm_source=iyp&utm_medium=paid&utm_campaign=iyp,(6),(6),https://www.yellowpages.com/kemah-tx/mip/roto-rooter-plumbing-water-cleanup-467078313?lid=1002194266919
Roto-Rooter Plumbing & Water Cleanup,(346) 521-3304,12808 W Airport Blvd,https://www.rotorooter.com/sugarlandtx/?utm_source=iyp&utm_medium=paid&utm_campaign=iyp,,91 Years,https://www.yellowpages.com/sugar-land-tx/mip/roto-rooter-plumbing-water-cleanup-552445847?lid=1002194265112
Roto-Rooter Plumbing & Water Cleanup,(832) 497-1352,1621 Lakeville Dr,https://www.rotorooter.com/kingwoodtx/?utm_source=iyp&utm_medium=paid&utm_campaign=iyp,,91 Years,https://www.yellowpages.com/kingwood-tx/mip/roto-rooter-plumbing-water-cleanup-566706760?lid=1002194265727
Roto-Rooter Plumbing & Water Cleanup,(346) 515-4547,24800 Interstate 45,https://www.rotorooter.com/springtx/?utm_source=iyp&utm_medium=paid&utm_campaign=iyp,,91 Years,https://www.yellowpages.com/spring-tx/mip/roto-rooter-plumbing-water-cleanup-556506321?lid=1002194264226
ARS Rescue Rooter,(833) 947-9225,"Webster, TX 77598",http://www.ars.com/,,30 Years,https://www.yellowpages.com/webster-tx/mip/ars-rescue-rooter-538602016?lid=1002194289435
ARS Rescue Rooter,(833) 947-9225,"Conroe, TX 77303",https://www.yellowpages.com/conroe-tx/mip/ars-rescue-rooter-561030332?lid=1002194107245,,,https://www.yellowpages.com/conroe-tx/mip/ars-rescue-rooter-561030332?lid=1002194289553
Bussell and Sons LLC,(281) 351-9801,21820 Mueschke Rd,http://www.bussellandsons.com/,(1),(1),https://www.yellowpages.com/tomball-tx/mip/bussell-and-sons-llc-16918552?lid=1002182657325
Eagle Plumbing Company,(713) 467-6753,2001 Bingle Rd,http://www.eagleplumbingcompany.com/,,47 Years,https://www.yellowpages.com/houston-tx/mip/eagle-plumbing-company-808003?lid=1001807839429
Village Plumbing & Home Services,(281) 895-1755,5403 Kirby Dr,http://www.villageplumbing.com/,(20),(20),https://www.yellowpages.com/houston-tx/mip/village-plumbing-home-services-505156414?lid=1001677266440
Belknap Plumbing Systems Inc,(832) 990-9700,9030 Solon Rd,https://www.belknapplumbing.com/,(3),(3),https://www.yellowpages.com/houston-tx/mip/belknap-plumbing-systems-inc-1808848?lid=1000229886796
Richmond's Air,(713) 732-6426,76 Yale St # 2,http://www.richmondsair.com/,(1),(1),https://www.yellowpages.com/houston-tx/mip/richmonds-air-463236451?lid=1002004571578
Total Maintenance Solutions,(713) 664-3333,4155 W Bellfort Ave,http://www.tmssouth.com/,,52 Years,https://www.yellowpages.com/houston-tx/mip/total-maintenance-solutions-22938165?lid=1001233067281
HP Home Service & Repair,(281) 866-1003,"Serving the
Houston Area",http://hphomeservicerepair.localsearch.com/,,,https://www.yellowpages.com/nationwide/mip/hp-home-service-repair-526492120?lid=1001489681202
Houston Plumbing,(832) 356-9556,6809 Southwest Fwy,http://houston--plumbing.com/,(43),(43),https://www.yellowpages.com/houston-tx/mip/houston-plumbing-574874622
OnCall Plumb & Leaking,(832) 810-8546,"600 Gemini St,",http://oncallplumbingservice.com/,(43),(43),https://www.yellowpages.com/houston-tx/mip/oncall-plumb-leaking-571626791
Houston Plumbing,(832) 520-2623,1003 Bell St,https://txplumbers.homes/houston,(41),(41),https://www.yellowpages.com/houston-tx/mip/houston-plumbing-512473321
Plumbing Houston Texas,(832) 304-0242,"Houston, TX 77036",https://plumbinginhoustontexas.com/,(41),(41),https://www.yellowpages.com/houston-tx/mip/plumbing-houston-texas-546261653
Plumber-24Hour,(281) 901-0368,11145 Westheimer Rd,http://plumber-24hours.com/,(40),(40),https://www.yellowpages.com/houston-tx/mip/plumber-24hour-575622969
911 Plumbers Houston TX,(832) 304-4788,"5405 S Rice Ave ,",https://911plumberstx.com/,(39),(39),https://www.yellowpages.com/houston-tx/mip/911-plumbers-houston-tx-574518590
Plumber West University Place TX,(281) 594-7163,3131 W Holcombe Blvd,https://plumberwestuniversityplace.com/,(38),(38),https://www.yellowpages.com/houston-tx/mip/plumber-west-university-place-tx-574488019
Plumber Hilshire Village TX,(281) 241-6897,https://plumberhilshire.com/,https://plumberhilshire.com/,(38),(38),https://www.yellowpages.com/houston-tx/mip/plumber-hilshire-village-tx-16533763
Plumbing in Houston Texas,(281) 215-3608,"6419 Skyline Dr, 10",https://houston24hourplumber.com/,(36),(36),https://www.yellowpages.com/houston-tx/mip/plumbing-in-houston-texas-574486350
Emergency Plumber Houston,(832) 703-0768,13133 Veterans Memorial Dr,https://emergencyplumberhoustontx.com/,(33),(33),https://www.yellowpages.com/houston-tx/mip/emergency-plumber-houston-574486531
Professional Plumbing Provider in Houston TX,(832) 713-7680,2333 S Loop W,http://houston--plumbers.com/,(24),(24),https://www.yellowpages.com/houston-tx/mip/professional-plumbing-provider-in-houston-tx-535955033
Emergency plumbing in Houston TX,(281) 849-3065,10251 North Fwy,http://www.houston--plumber.com/,(21),(21),https://www.yellowpages.com/houston-tx/mip/emergency-plumbing-in-houston-tx-506457775
Plumbing of Houston TX,(281) 783-9423,7150 Business Park Dr,http://plumbingofhoustontx.com/contact.html,(19),(19),https://www.yellowpages.com/houston-tx/mip/plumbing-of-houston-tx-546468366
Plumbing Houston TX,(832) 791-1524,7318 Cypress Creek Pkwy,https://txhoustonplumbing.com/contact-us.html,(19),(19),https://www.yellowpages.com/houston-tx/mip/plumbing-houston-tx-546107988
S&H Plumbing Service Houston,(281) 406-0361,2626 Yale St # A230,http://plumbingservice-houston.com/,(19),(19),https://www.yellowpages.com/houston-tx/mip/s-h-plumbing-service-houston-532658093
Plumbing Jacinto City,(281) 560-3752,"Houston, TX 77029",http://plumbingjacintocity.com/,(19),(19),https://www.yellowpages.com/houston-tx/mip/plumbing-jacinto-city-536220764
Plumbing SOS,(281) 886-7052,"Houston, TX 77010",http://www.plumbinginhoustontx.com/,(17),(17),https://www.yellowpages.com/houston-tx/mip/plumbing-sos-470422810
Houston's Leak Specialist,(281) 643-8454,"Houston, TX 77025",http://waterleakplumber.com/,(17),(17),https://www.yellowpages.com/houston-tx/mip/houstons-leak-specialist-536403458
Toilet Repair Mission Bend TX,(281) 560-3815,14601 Bellaire Blvd,http://toiletrepairmissionbend.com/,(16),(16),https://www.yellowpages.com/houston-tx/mip/toilet-repair-mission-bend-tx-542543213
24 Hour Plumbing Texas,(281) 241-6809,426 Crosstimbers St,http://plumbing-texas.com/,(15),(15),https://www.yellowpages.com/houston-tx/mip/24-hour-plumbing-texas-540623508
Plumbing Mission Bend,(281) 406-0955,15919 Alta Mar Dr,http://www.plumbingmissionbend.com/,(14),(14),https://www.yellowpages.com/houston-tx/mip/plumbing-mission-bend-534223027
PLUMBING SERVICES HOUSTON TX,(346) 439-5340,"Houston, TX 77032",http://plumbingservices-houston.com/,(13),(13),https://www.yellowpages.com/houston-tx/mip/plumbing-services-houston-tx-570188667
Marcos Toilet Repair Houston TX,(281) 417-8805,4055 Westheimer Rd,http://toiletrepairhouston.com/,(12),(12),https://www.yellowpages.com/houston-tx/mip/marcos-toilet-repair-houston-tx-548655300
Giacona Plumbing,(713) 237-8323,3206 N Main St,http://yellowpages.com/houston-tx/mip/texas-quality-plumbing-17051753,(1),(1),https://www.yellowpages.com/houston-tx/mip/giacona-plumbing-6046176
Meistad Plumbing Co Inc,(832) 619-1027,9015 Emmott Rd,http://yellowpages.com/houston-tx/mip/texas-quality-plumbing-17051753,,53 Years,https://www.yellowpages.com/houston-tx/mip/meistad-plumbing-co-inc-3374017
Empire Plumbing Co Inc,(713) 932-0047,1106 Wisterwood Dr,http://yellowpages.com/houston-tx/mip/aaa-auger-plumbing-services-467796020,,,https://www.yellowpages.com/houston-tx/mip/empire-plumbing-co-inc-15445187
Plumbers Clear Lake City TX,(281) 305-9289,16805 El Camino Real,http://plumbersclearlaketx.com/,(4),(4),https://www.yellowpages.com/houston-tx/mip/plumbers-clear-lake-city-tx-456171264
Nettles Plumbing Company,(832) 274-4354,3503A Longhorn Dr,http://nettlesplumbingcompany.localsearch.com/,(3),(3),https://www.yellowpages.com/houston-tx/mip/nettles-plumbing-company-475198305
Houston Dr Plumber,(281) 682-6472,7807 Meadowmoor Dr,http://houstondrplumbertx.localsearch.com/,(1),(1),https://www.yellowpages.com/houston-tx/mip/houston-dr-plumber-22865453
Joe Lema Plumbing Co,(713) 864-2444,116 W 15th St,http://yellowpages.com/houston-tx/mip/texas-quality-plumbing-17051753,(1),(1),https://www.yellowpages.com/houston-tx/mip/joe-lema-plumbing-co-18266927
PRO Plumbing Inspection,(713) 364-5730,5562 Gasmer Dr,https://plumbinginspectionhouston.com/,,,https://www.yellowpages.com/houston-tx/mip/pro-plumbing-inspection-475901318
Relford Freddy Plumbing Co,(713) 691-5645,6011 Tuskegee St,http://yellowpages.com/houston-tx/mip/texas-quality-plumbing-17051753,,38 Years,https://www.yellowpages.com/houston-tx/mip/relford-freddy-plumbing-co-2369829
Plumbing Works of Houston,(281) 393-7418,3356 Fountain View Dr,http://commercialplumbinghoustontx.com/,,,https://www.yellowpages.com/houston-tx/mip/plumbing-works-of-houston-8034774
Lakeside Plumbing Inc,(281) 446-1325,21768 Knox St,http://lakesideplumbinginc.localsearch.com/,,,https://www.yellowpages.com/houston-tx/mip/lakeside-plumbing-inc-466074436
A-Aauger Plumbing,(713) 225-4003,9520 Yupondale Dr,http://www.aaa-auger.com/fort-worth-plumber,,,https://www.yellowpages.com/houston-tx/mip/a-aauger-plumbing-9824320
Shepard Forest Plumbing Inc,(281) 820-5855,2905 Washington Dr,http://shepardforestplumbinginctx.localsearch.com/,,47 Years,https://www.yellowpages.com/houston-tx/mip/shepard-forest-plumbing-inc-4915729
Simple Business Inc,(281) 447-8200,11938 Airline Dr,http://simplebusinessinc.localsearch.com/,,,https://www.yellowpages.com/houston-tx/mip/simple-business-inc-841067
Complete Plumbing Inc,(713) 451-1745,730 Hollywood St,http://yellowpages.com/houston-tx/mip/j-g-plumbing-contractors-inc-475725111,,45 Years,https://www.yellowpages.com/houston-tx/mip/complete-plumbing-inc-11171328
A 1 Quality Plumbing Service,(281) 568-5757,6227 Grandvale Dr,http://a1plumbing.trustab.org/,,30 Years,https://www.yellowpages.com/houston-tx/mip/a-1-quality-plumbing-service-1813796
Investigative Plumbing,(281) 495-0603,12018 7th St,http://investigativeplumbingtx.localsearch.com/,,,https://www.yellowpages.com/houston-tx/mip/investigative-plumbing-460464443
Southwest Plumbing,(281) 495-9847,13425 Alief Clodine Rd,http://www.southwestplumbingtx.com/contact-us.html,,45 Years,https://www.yellowpages.com/houston-tx/mip/southwest-plumbing-3432263
Lea Plumbing Co,(281) 537-5697,12019 Soft Pines Dr,http://yellowpages.com/houston-tx/mip/texas-quality-plumbing-17051753,,36 Years,https://www.yellowpages.com/houston-tx/mip/lea-plumbing-co-463730248
Delkom Plumbing,(281) 517-0745,9607 Poynes Dr,http://yellowpages.com/houston-tx/mip/texas-quality-plumbing-17051753,,27 Years,https://www.yellowpages.com/houston-tx/mip/delkom-plumbing-18218515
Ramirez Plumbing,(281) 575-8579,14710 San Luis Rey Dr,http://yellowpages.com/houston-tx/mip/texas-quality-plumbing-17051753,,,https://www.yellowpages.com/houston-tx/mip/ramirez-plumbing-19824215
Apt Plumbing,(281) 461-3900,2337 Ramada Dr,http://aptplumbing.localsearch.com/,,,https://www.yellowpages.com/houston-tx/mip/apt-plumbing-22886970
McCary's Plumbing Repair Inc,(281) 986-7824,8525 Jackrabbit Rd,http://mccarysplumbingrepair.com/,(9),(9),https://www.yellowpages.com/houston-tx/mip/mccarys-plumbing-repair-inc-545249523
Santhoff Plumbing Company,(713) 665-4997,6330 Alder Dr Ste 12,http://www.santhoffplumbingco.com/,(12),(12),https://www.yellowpages.com/houston-tx/mip/santhoff-plumbing-company-6829771
Water Heater Houston TX,(281) 698-0691,2131 Post Oak Blvd,http://houstontxwaterheaterrepair.com/,(7),(7),https://www.yellowpages.com/houston-tx/mip/water-heater-houston-tx-527547535
911 Drain Cleaning Houston TX,(713) 570-6757,"2714 Reed Rd,",https://911draincleaningtx.com/,(7),(7),https://www.yellowpages.com/houston-tx/mip/911-drain-cleaning-houston-tx-565877441
Toilet Repair Jersey Village TX,(281) 653-6047,12330 Farm to Market 1960 Rd W,http://www.toiletrepairjerseyvillage.com/,(7),(7),https://www.yellowpages.com/houston-tx/mip/toilet-repair-jersey-village-tx-548666298
Plumber Missouri City TX,(281) 241-6928,5542 Highway 6 Ste 100,https://plumbermissouricitytx.com/,(7),(7),https://www.yellowpages.com/houston-tx/mip/plumber-missouri-city-tx-574488040
Plumber Jacinto City TX,(281) 305-9261,11301 Market St Jacinto City,https://jacintocityplumber.com/,(6),(6),https://www.yellowpages.com/houston-tx/mip/plumber-jacinto-city-tx-574509834
Drain Service Houston TX,(281) 305-9064,14616 Memorial Dr,http://drainserviceplumber.com/,(6),(6),https://www.yellowpages.com/houston-tx/mip/drain-service-houston-tx-565117978
Best Plumbing In Houston,(281) 241-7054,1718 Fry Road,http://bestplumbinghoustontx.com/,(6),(6),https://www.yellowpages.com/houston-tx/mip/best-plumbing-in-houston-573927879
Aaron's Plumbing,(281) 444-2000,825 Curtin St,http://www.aaronsplumbingtx.com/,(6),(6),https://www.yellowpages.com/houston-tx/mip/aarons-plumbing-473531604
24 Hour Plumber Clear Lake City,(281) 594-7996,1045 Gemini St # 200-b,http://24hourplumberclearlake.com/,(4),(4),https://www.yellowpages.com/houston-tx/mip/24-hour-plumber-clear-lake-city-531620984
David Hicks Plumbing,(713) 528-0141,2402 Brun St,http://www.davidhicksplumbing.com/,(7),(7),https://www.yellowpages.com/houston-tx/mip/david-hicks-plumbing-461699108
Plumbing Jacinto City,(832) 674-1478,10801 Market St,https://plumbingjacintocity.com/,(3),(3),https://www.yellowpages.com/houston-tx/mip/plumbing-jacinto-city-574488048
Leaks Repair Plumber Houston,(346) 297-0931,16835 Katy Fwy,https://leaksrepairplumber.com/,(3),(3),https://www.yellowpages.com/houston-tx/mip/leaks-repair-plumber-houston-566796343
Jarrar & Co Services Inc,(832) 467-4750,9119 Emmott Rd,http://jarrarcoservicesinc.localsearch.com/,(7),(7),https://www.yellowpages.com/houston-tx/mip/jarrar-co-services-inc-10750915
Toilet Repair Jacinto City TX,(281) 643-8534,11107 Market St,https://toiletrepairjacintocity.com/,(2),(2),https://www.yellowpages.com/houston-tx/mip/toilet-repair-jacinto-city-tx-544567014
The Plumbing Houston,(281) 643-7388,5512 Clara Rd,https://theplumbinghouston.com/,(2),(2),https://www.yellowpages.com/houston-tx/mip/the-plumbing-houston-523651908
Kings Plumbing Service Houston,(281) 643-8466,345 Richey Rd,http://kingsplumbingservicehouston.localsearch.com/,(2),(2),https://www.yellowpages.com/houston-tx/mip/kings-plumbing-service-houston-529274276
plumbingsos,(281) 643-8714,1020 Quitman St,http://plumbingsos.com/,(1),(1),https://www.yellowpages.com/houston-tx/mip/plumbingsos-573938229
Water Heater Mission Bend,(281) 968-8227,7918 Marisol Dr,https://waterheatermissionbend.com/,(1),(1),https://www.yellowpages.com/houston-tx/mip/water-heater-mission-bend-534212409
Felty Services,(281) 485-6060,2717 Parker Rd,http://feltyservicestx.localsearch.com/,(1),(1),https://www.yellowpages.com/houston-tx/mip/felty-services-11608737
Ritter Plumbing,(281) 820-0933,16305 Wall St.,http://ritterplumbing.com/,,26 Years,https://www.yellowpages.com/houston-tx/mip/ritter-plumbing-3414951
